{
  "id": "1599771",
  "name": "dsc",
  "font_family": "iconfont",
  "css_prefix_text": "icon",
  "description": "",
  "glyphs": [
    {
      "icon_id": "729860",
      "name": "家用电器",
      "font_class": "jiayongdianqi",
      "unicode": "e60b",
      "unicode_decimal": 58891
    },
    {
      "icon_id": "1086276",
      "name": "鞋子",
      "font_class": "xiezi",
      "unicode": "e638",
      "unicode_decimal": 58936
    },
    {
      "icon_id": "2159284",
      "name": "我的收藏",
      "font_class": "shoucang",
      "unicode": "e61a",
      "unicode_decimal": 58906
    },
    {
      "icon_id": "2205277",
      "name": "分享",
      "font_class": "sharingsharef",
      "unicode": "e62c",
      "unicode_decimal": 58924
    },
    {
      "icon_id": "2385004",
      "name": "我的足迹",
      "font_class": "wodezuji",
      "unicode": "e611",
      "unicode_decimal": 58897
    },
    {
      "icon_id": "2691279",
      "name": "相机",
      "font_class": "xiangji",
      "unicode": "e647",
      "unicode_decimal": 58951
    },
    {
      "icon_id": "2755007",
      "name": "我的订单",
      "font_class": "wodedingdan",
      "unicode": "e648",
      "unicode_decimal": 58952
    },
    {
      "icon_id": "2984837",
      "name": "衣服",
      "font_class": "icon_fuzhuangxiangbao",
      "unicode": "e646",
      "unicode_decimal": 58950
    },
    {
      "icon_id": "3435015",
      "name": "购物车",
      "font_class": "gouwuche1",
      "unicode": "e600",
      "unicode_decimal": 58880
    },
    {
      "icon_id": "4972319",
      "name": "我的足迹",
      "font_class": "footprint",
      "unicode": "e6be",
      "unicode_decimal": 59070
    },
    {
      "icon_id": "5283141",
      "name": "电脑",
      "font_class": "diannao",
      "unicode": "e608",
      "unicode_decimal": 58888
    },
    {
      "icon_id": "6139364",
      "name": "关  闭",
      "font_class": "guanbi",
      "unicode": "e650",
      "unicode_decimal": 58960
    },
    {
      "icon_id": "6262544",
      "name": "地址",
      "font_class": "dizhi",
      "unicode": "e654",
      "unicode_decimal": 58964
    },
    {
      "icon_id": "7059782",
      "name": "127商家入驻-细",
      "font_class": "shangjiaruzhu-xi",
      "unicode": "e68a",
      "unicode_decimal": 59018
    },
    {
      "icon_id": "7419075",
      "name": "资金安全",
      "font_class": "zijinanquan",
      "unicode": "e632",
      "unicode_decimal": 58930
    },
    {
      "icon_id": "7687849",
      "name": "家具",
      "font_class": "_Furniture",
      "unicode": "e603",
      "unicode_decimal": 58883
    },
    {
      "icon_id": "10015423",
      "name": "下拉框",
      "font_class": "km-under",
      "unicode": "e636",
      "unicode_decimal": 58934
    },
    {
      "icon_id": "12498171",
      "name": "图书",
      "font_class": "tushu",
      "unicode": "e6c3",
      "unicode_decimal": 59075
    }
  ]
}
